filename,package_name,version_code,size_bytes,sha256
app.pachli_46_src.tar.gz,app.pachli,46,32798720,396abc2495c88e245193814a8801c5ac13d332a9d8fa0fd801a2f1f6d8e8db3c
app.passwordstore.agrahn_11602_src.tar.gz,app.passwordstore.agrahn,11602,6041600,7bee5f02030019c724e97fb61170b29303b622c67d84eca9767ef81e21c0700b
app.simple.peri_953_src.tar.gz,app.simple.peri,953,34805760,3b30a0a9397fd5f2939cb4fdfee156709bfe14c686dc50d6e5737d7133d7393f
app.wispar.wispar_30_src.tar.gz,app.wispar.wispar,30,280442880,b33b57571232bdaa91a90627f1c2e0ebca10108face92cb2081c22205b7604ad
biz.binarysolutions.healthybatterycharging_23_src.tar.gz,biz.binarysolutions.healthybatterycharging,23,15370240,c68517463c886646bc8c0bfed5f21a7ff9d9bbb30310632f69733b31189916e8
ca.cmetcalfe.xposed.disablebatterywarnings_3_src.tar.gz,ca.cmetcalfe.xposed.disablebatterywarnings,3,81920,7f431283a4cc09db09bfaf1a90571b4c6bbd95d3cea8be24453ad646024fbd81
cash.p.terminal_229_src.tar.gz,cash.p.terminal,229,51312640,79128272092dfd89092c044c52cf3c2a821aec0fdbd6549aa58017e0ee63eadb
cl.coders.faketraveler_230_src.tar.gz,cl.coders.faketraveler,230,15605760,64d6082837cf471774732ac2b8ada54b4e9cb121563a0773c0070d675de8f0aa
com.activitymanager_561_src.tar.gz,com.activitymanager,561,3348480,d747efcfa139662d24ee4a44919f9b4d585abbb29f0fee1f5aea511eb3ce6fc4
com.aidinhut.simpletextcrypt_17_src.tar.gz,com.aidinhut.simpletextcrypt,17,983040,14d56774165b02ddc01f02e934f36f75d03764aa1cc1c1b1718dd3c65db6755e
com.amaze.filemanager_124_src.tar.gz,com.amaze.filemanager,124,13086720,d4a93198735c457eb4b0e61c21348f3e04c8616fe32432c327bd5a02f23f38c5
com.app.equran_203_src.tar.gz,com.app.equran,203,281108480,11e15240cb053c85cb20281452ee08f414db8d2e87c25d00f166e7fb7032c006
com.appengine.paranoid_android.lost_12_src.tar.gz,com.appengine.paranoid_android.lost,12,307200,d591ece9d7d9c8b935a1e80d7248da07e6b79c996ac34db5263752e4035e8c88
com.atharok.btremote_22_src.tar.gz,com.atharok.btremote,22,5765120,6cd13a1da19830b490577b8cdb67edb62289ea692add13f2ca90af3515eceee7
com.aurora.store_73_src.tar.gz,com.aurora.store,73,10762240,ab8556968d5ece85be2cf16c36682025759d5b31b192af6b0715017e7aad8429
com.best.deskclock_2031_src.tar.gz,com.best.deskclock,2031,25896960,3ad59082c2b8788dd72cddc32ecd5f19df4ca95355f6c121b8a6c3821431c726
com.blacksquircle.ui_10028_src.tar.gz,com.blacksquircle.ui,10028,21043200,74f1504d0c94e362afbf166fe264c4c8f155dcdddd66208c41bd8543d2cc1439
com.bobek.metronome_24_src.tar.gz,com.bobek.metronome,24,8663040,6bdf967116c9bd5611c2142b303b91a800f6b7aacc17d7a9b98fd3e1e8838fca
com.capyreader.app_1202_src.tar.gz,com.capyreader.app,1202,28139520,2a71e2c117e0c08e0f064f4d9ce04b8c3b911183ad69ccca53b26611a252dd2a
com.cepmuvakkit.times_200_src.tar.gz,com.cepmuvakkit.times,200,1781760,c699e996c0acf09fcdf6ad4f7557dab9ccea1cb70f1bfda777816021c9db271c
com.danhasting.radar_6_src.tar.gz,com.danhasting.radar,6,2723840,6db96f6dd038d75afc7dd17e573f0de1ad1985f1f9c5df9f28c5d3d2a8729ae6
com.daniebeler.pfpixelix_36_src.tar.gz,com.daniebeler.pfpixelix,36,39669760,f9fb0510c62252b51c9ff3165b341c0eacc86ee15f8d8d03cf7a587d72725a2b
com.darkrockstudios.app.securecamera_30_src.tar.gz,com.darkrockstudios.app.securecamera,30,76052480,1874a22898c2b964857ec8de461890297faab96c7712d2e849a18275f7bdb1a9
com.dede.android_eggs_72_src.tar.gz,com.dede.android_eggs,72,23060480,b31220b60dccd71b3bbd5981031d67fb50d4d91131540af0c2aaef78bf9b1f64
com.demizo.daily_you_20180003_src.tar.gz,com.demizo.daily_you,20180003,1260369920,84c4c59a1f35a808491e46225073956783012fc9cf0997ecc9274fa07855f2dd
com.derdilla.bloodPressureApp_54_src.tar.gz,com.derdilla.bloodPressureApp,54,293959680,134460d3868b7b049dbd098048fbd79744584de095b2e5794356303cb3b9dabc
com.dimtion.shaarlier_33_src.tar.gz,com.dimtion.shaarlier,33,512000,51d76b72237e81c9cf5840d72a86de2a3ef94439d96c0e82edf943f737b450a4
com.duckduckgo.mobile.android_52702000_src.tar.gz,com.duckduckgo.mobile.android,52702000,105697280,089399097ef4778df88f981e722a8c52b3c585d6ce643e93e71ea9ef50b9b966
com.enjoyingfoss.feeel_4241_src.tar.gz,com.enjoyingfoss.feeel,4241,12298240,466658d6f8b8f89ce7271d87a973a4a0193fb406e0bd8be0c9f9106763bf10a3
com.ferrarid.converterpro_52_src.tar.gz,com.ferrarid.converterpro,52,278128640,7349ca015d4a1eda422e012710620105caf2a6fad93d7f5ea6f6255ca0bae4b7
com.flauschcode.broccoli_1040400_src.tar.gz,com.flauschcode.broccoli,1040400,30679040,3dda482484d33873dc277659b76742afd35c94a9dc4332fa3e7e586e4b52a272
com.forrestguice.suntimeswidget_128_src.tar.gz,com.forrestguice.suntimeswidget,128,31365120,437cd9b295591c9caab9a9bf5dbd3ca1cd9fe7533e8bd0854b9d3dc9b6436db6
com.fsck.k9_39034_src.tar.gz,com.fsck.k9,39034,106885120,117a066779e55e263be38cc8048018a4efa6900709711cb958872b19250b8516
com.gcstar.viewer_14_src.tar.gz,com.gcstar.viewer,14,1802240,99c57b481be7f3695f37333960fa3362c38ccfae58169e09d9e224ef659c6eb4
com.github.catfriend1.syncthingfork_2001500_src.tar.gz,com.github.catfriend1.syncthingfork,2001500,29982720,39ece8c35b7c53da4e49d1bdb60edefef27f97f96cb3c3d15be811f9950dadb8
com.github.howeyc.crocgui_44_src.tar.gz,com.github.howeyc.crocgui,44,11161600,4e4d96fc39f777c4f306fd10dc3ff90d3f9473c3bd796ff5fd13efc0682e8864
com.github.yeriomin.dumbphoneassistant_5_src.tar.gz,com.github.yeriomin.dumbphoneassistant,5,184320,482a193146646b7e2b4eefa1f4b3d46f161ab232666b1a2cf0e81d3945c38ecb
com.gmail.blandilyte.silverdict_134_src.tar.gz,com.gmail.blandilyte.silverdict,134,342220800,e7d1f93d376f54e32a4bd54fb668edaed149c91060512607db5bc42cce0e0d71
com.grocerymanager_1_src.tar.gz,com.grocerymanager,1,2304000,4bbe5e17345be30d27e26bdf1e41c24f7e71413f92cda12f11cdb682acfb9ba5
com.igisw.openmoneybox_66_src.tar.gz,com.igisw.openmoneybox,66,17612800,eb385fbe6b751f522afc26b155255deb43fe92391db9275923514eaed7743b0e
com.inspiredandroid.kai_74_src.tar.gz,com.inspiredandroid.kai,74,88330240,4992fc2756efd63aeb8c1b3587c42c0c3b5b38a1f38000254a203cddc756ff7f
com.jaimegonzalezfabregas.shoppinglist_4_src.tar.gz,com.jaimegonzalezfabregas.shoppinglist,4,280268800,3467e40005c066996783784f809efc6ff53da8e8c581135dc24e7bbcf566e37d
com.karin.idTech4Amm_11071_src.tar.gz,com.karin.idTech4Amm,11071,1119621120,96b99a53c45b61ef8522583ec1ffaa69c4f080a860046dc224456c6c0bc117ba
com.keylesspalace.tusky_140_src.tar.gz,com.keylesspalace.tusky,140,23183360,3ad81af24f45ec31eeab4d1e8d3164b302b6672a0449408b998d3607ac7a3a9f
com.kgurgul.cpuinfo_60601_src.tar.gz,com.kgurgul.cpuinfo,60601,5765120,c6805c9c1a9200ee9549c3f72acf4749a87ae17cf6deba27f3256450dbeeed97
com.kunzisoft.keepass.libre_153_src.tar.gz,com.kunzisoft.keepass.libre,153,18073600,41a831f57b76b9286b78a28d165124d61d0c40acf2d7c32a2030373567a7e70e
com.llamacorp.equate_12_src.tar.gz,com.llamacorp.equate,12,798720,5b32d1b9d470a12f493e5f8f25896b80ab58413e314a7b339bc01f720857e4cc
com.machiav3lli.fdroid_1207_src.tar.gz,com.machiav3lli.fdroid,1207,30115840,c4eb44a8a0414b8f12f94ab73272668474c8ae9c22a2a65b8f99c5555aa9d27c
com.maksimowiczm.foodyou_119_src.tar.gz,com.maksimowiczm.foodyou,119,10301440,df3972b8b6deea107562445a75463bc9fd4abfc03075d07d5ba17172ae6c7023
com.marktka.calculatorYou_33_src.tar.gz,com.marktka.calculatorYou,33,15974400,404305d1c35ac013c41a76fdd22171a165fb7a8472150e7522964b0f1836e74b
com.mendhak.gpslogger_135_src.tar.gz,com.mendhak.gpslogger,135,22323200,a8b086d06e7eed66dd8a828e2b85d528028375321ee14823b7fc55e70a37a6a6
com.mkulesh.micromath.plus_325_src.tar.gz,com.mkulesh.micromath.plus,325,29491200,05347d7e91c38be0a5e7e812d752261a71bdb1182ec22bce7f3f5460a78a9378
com.mookie.circo_23_src.tar.gz,com.mookie.circo,23,243394560,aff7fd14db6b80ecf4e17e1ec0dde288b9c38f21345694d5c50d5191df15b1b6
com.nathanatos.Cuppa_64_src.tar.gz,com.nathanatos.Cuppa,64,318781440,87b87a96de92f8a67a11f3729b506d07d5e8fe27c2022ea527fa194f23b6a140
com.nononsenseapps.feeder.play_3922_src.tar.gz,com.nononsenseapps.feeder.play,3922,55152640,fec83863f9abb65cbffce0d9b631b4fbc2a90be65be52697c6cf3e79f5d71644
com.nononsenseapps.feeder_3922_src.tar.gz,com.nononsenseapps.feeder,3922,55152640,df9c56bc6c8d0c95f8ea7909a1a041c32cfe11c1e1fc5190f9a29c9bc97c2218
com.phpbg.easysync_23_src.tar.gz,com.phpbg.easysync,23,3368960,e5cc651f7d17b86ad16a728f89b60994e5dd8e7ed9b5082bf97bb2e949b3772a
com.rootminusone8004.bazarnote_13_src.tar.gz,com.rootminusone8004.bazarnote,13,706560,165ec58bca20e03741cff0fbdb6a3bbe902dae7549fde961ba7efbfb9bbad52c
com.simplemobiletools.flashlight_66_src.tar.gz,com.simplemobiletools.flashlight,66,75458560,386b96c95d2d5937cbfaf69c17beb9a022d23ca3645ef385dc1076aabd3733b6
com.simplexray.an_38_src.tar.gz,com.simplexray.an,38,10823680,3de544e9d11e826bb1d89d2b08ce27674bf2e3d4e5381dc7950543c844a5c973
com.skyd.anivu_29_src.tar.gz,com.skyd.anivu,29,7997440,788dea523bf387cf734ec3d9a2f0a29e3b8e60e357f096648e3758f520bc01c8
com.studio4plus.homerplayer2_38_src.tar.gz,com.studio4plus.homerplayer2,38,11479040,46df881a5fd81121c8a7047fe83ed1204d5688e5d18f5f72cb982564e220d98b
com.tutpro.baresip_483_src.tar.gz,com.tutpro.baresip,483,6154240,4b1891a609f421231508b33b5ce4533e0bc09abd82d9dfc638bced38d3d584f7
com.unciv.app_1210_src.tar.gz,com.unciv.app,1210,95406080,bec33687015ee5c16d9c8217040898daab9dfe817ffd563275727842090217b4
com.vrem.wifianalyzer_71_src.tar.gz,com.vrem.wifianalyzer,71,5591040,ae159dcedb2b65776fc3eee33c0c048ab17da0fdc294d54400b683ce3f08a05b
com.woefe.shoppinglist_12_src.tar.gz,com.woefe.shoppinglist,12,378880,c644dfb3ae151dc224e689e19917976f057e7bc3b92bea42dda08f8d46615951
com.yosefario.nclientv3_421_src.tar.gz,com.yosefario.nclientv3,421,27822080,021be6ffede554aa0204a7c766a4a4f1872af94aa0ae5a275a14a0e60628b215
com.zorinos.zorin_connect_13304_src.tar.gz,com.zorinos.zorin_connect,13304,11468800,68a848bcf057d5a53508a34e20f7d5036d0f9ee9df74d2e20e08fae7357de320
de.chaosdorf.meteroid_60_src.tar.gz,de.chaosdorf.meteroid,60,2201600,b72a56857c948ef79200d28b1e546721b478048ded7134218457db1d2978e5af
de.danoeh.antennapod_3110095_src.tar.gz,de.danoeh.antennapod,3110095,242462720,fc836be07d4c23b0be642539418ffa86f9eb20dd6ade3ea7c33c69a47728fba0
de.jrpie.android.launcher_56_src.tar.gz,de.jrpie.android.launcher,56,5406720,d31e34799c4ecd545464e4a9a3910a903aa8e0527fd53b549e5c88c566c3416a
de.lukasneugebauer.nextcloudcookbook_62_src.tar.gz,de.lukasneugebauer.nextcloudcookbook,62,16424960,89a0817682ea07f47e486d04ab8cb0b3055ec809de0258f9e89d98ae3f1f5b3f
de.markusfisch.android.wavelines_27_src.tar.gz,de.markusfisch.android.wavelines,27,819200,9d61a61b82fce81e4a6669028b44b8f4c45bd909dd38cdf34e55ed9809bdf68c
de.moekadu.tuner_47_src.tar.gz,de.moekadu.tuner,47,4218880,afd921cdeb32db0d74cd419dd679ac0a2aa01f5a76a2c6c02b5ffab210e9b984
de.monocles.browser_14_src.tar.gz,de.monocles.browser,14,31539200,123f5f6de1c8d24360cceb32a72ee43277050487d21e0b64fe63175aad91176b
de.monocles.chat_20004_src.tar.gz,de.monocles.chat,20004,32102400,cac3cbc3b302ae638de9046d4e184ef3b38c2b730b65f7df7e2c47c515b25fc8
de.nulide.findmydevice_39_src.tar.gz,de.nulide.findmydevice,39,4003840,c7c17dc841a9f61c03024e9a39ee9b577815b9c548da1a0100716bbf332f3414
de.schildbach.oeffi_140001_src.tar.gz,de.schildbach.oeffi,140001,3952640,bff71b2af5da8ad4ff25339a7824a27e5f58309c5f7538c53d3de95960691dc9
de.schliweb.bluesharpbendingapp_30700_src.tar.gz,de.schliweb.bluesharpbendingapp,30700,4362240,4ce1143bce09c44b28a7e6742e37b8bacfc4bd346b47ba2d430f4d058ccda5e2
de.storchp.fdroidbuildstatus_118_src.tar.gz,de.storchp.fdroidbuildstatus,118,4802560,f7968920fa57d020bf26c9c39712db4cf33b542549ff5737068d120c86f4bbca
de.westnordost.streetcomplete.expert_6302_src.tar.gz,de.westnordost.streetcomplete.expert,6302,191846400,7e7e8781fcee4ae9b436dd6ec6f2486c5db41702fe4f04bc85e96d4119d5a53a
deltazero.amarok.foss_118_src.tar.gz,deltazero.amarok.foss,118,4556800,7c46fcc122624b55b5d0ab9c2355e8a60e4daafc9bfd1574d3cecbd7228c08bf
dev.clombardo.dnsnet_67_src.tar.gz,dev.clombardo.dnsnet,67,24258560,f94d21a849b73cd928ace90783e1a243ee8ea465bc30a1cea05bb2e9331abab5
dev.linwood.butterfly.nightly_170_src.tar.gz,dev.linwood.butterfly.nightly,170,570439680,4d1d37013aba4ae86ed694b1a1e921780ad5953cec0ec4e251a264a82027f0eb
dev.linwood.butterfly_167_src.tar.gz,dev.linwood.butterfly,167,536186880,bc0d5f4fd421033a7f4f40e76c8f5c7629da407fe360743cbf687b1cd64d806c
eu.darken.sdmse_10605000_src.tar.gz,eu.darken.sdmse,10605000,75847680,f6609d718ce52fd8a443fe5ab370b307635a08893446c8462fae2ef40952f08c
eu.roggstar.luigithehunter.batterycalibrate_13_src.tar.gz,eu.roggstar.luigithehunter.batterycalibrate,13,1382400,1464eeedf55aad6343b92924a03c02273bc37ae9bfcd01bdcfbb7b99a1446c8f
eu.siacs.conversations_4217104_src.tar.gz,eu.siacs.conversations,4217104,18401280,beef13927ee13d6befb3431eb9ef916dbb2c9c2dcbb29f68ab0a535e81e1348a
eu.zimbelstern.tournant_41_src.tar.gz,eu.zimbelstern.tournant,41,31733760,83b9319d8a84fbbd05b69e96ac08ffdd2b55300c59c7cc010d2c288a49435cc8
fr.fdesousa.bikesharinghub_34_src.tar.gz,fr.fdesousa.bikesharinghub,34,30525440,1e0c30874c989d60c12cbeda67d7b0be392daec28407a588bfda7805ad572397
fr.gouv.etalab.mastodon_549_src.tar.gz,fr.gouv.etalab.mastodon,549,29921280,e80739be8201a9715a3e08c587f4b0409dd61708798b3a930d499a37ed5ebd4c
fr.jnda.android.flashalert_23384363_src.tar.gz,fr.jnda.android.flashalert,23384363,3563520,e1d64e399442d3425e9d2b217fea38bfc0e00627018e78df91cf0e403e905ece
fr.neamar.kiss_219_src.tar.gz,fr.neamar.kiss,219,134256640,8310e78b8a8adf371193800689bea7ef013f29ce9cb010525426d06a13f439a0
fr.nocle.passegares_304_src.tar.gz,fr.nocle.passegares,304,13793280,abeaf45ed3a4d71fe2ddb48bb15e74bb8b4bd6ca722b352c449f5777f5366072
helium314.keyboard_3801_src.tar.gz,helium314.keyboard,3801,53155840,c8716f50426c4b9f93d81f63d984fb8c5c52049d1b0fc50fcd80ee3fde84a573
im.quicksy.client_4217104_src.tar.gz,im.quicksy.client,4217104,18401280,ebc7e69d12abf8a59bbf3b3e2b1dc7d0702cdafa05dc70abea50daab57672da1
in.blogspot.anselmbros.torchie_34_src.tar.gz,in.blogspot.anselmbros.torchie,34,1167360,c7beff3192633d5d15391b5f5d52c582220b3373b48c922ec624e25bb21b21cb
indi.dmzz_yyhyy.lightnovelreader_10200030_src.tar.gz,indi.dmzz_yyhyy.lightnovelreader,10200030,7024640,b67fe3e37f83011e61e42f022b240d831c0ba1ee0b7161879b3f04bbb49dc6bc
io.github.benderblog.traintime_pda_383_src.tar.gz,io.github.benderblog.traintime_pda,383,1478860800,926e40fba88804b0ba7f4a8097f42a1ed46e667477e6dd553e427a547fd57df8
io.github.drumber.kitsune_39_src.tar.gz,io.github.drumber.kitsune,39,26931200,7918a338c8a5f24d426f11f7173a95efd9155d80b6abb0f0538c0741ab0bbce9
io.github.exclude0122.xivpn_433_src.tar.gz,io.github.exclude0122.xivpn,433,2181120,6377eadedc78170f3a2c9efc306bb19e4244cfc9e1c982049e96438c948857e1
io.github.friesi23.mhabit_148_src.tar.gz,io.github.friesi23.mhabit,148,1502812160,957b6604af5ba900695f7693f838c2cc1ced021f3bbb18d43f56d781ed338c74
io.github.gonbei774.calisthenicsmemory_28_src.tar.gz,io.github.gonbei774.calisthenicsmemory,28,5529600,b493853d503eced84de0a58259f6915b83184dc6f5c02bd4546ce9ecced8b7f1
it.niedermann.owncloud.notes_330000090_src.tar.gz,it.niedermann.owncloud.notes,330000090,10485760,81874e31a88299e64fa15356d299f3ff7913ae0b8084361ad715f9da4f39a735
it.reyboz.bustorino_71_src.tar.gz,it.reyboz.bustorino,71,8366080,c944ade076057f24296b4d31280af61a2dde4d50abcfe6a240d09b8ab61f06c5
jp.nonbili.nora_5504_src.tar.gz,jp.nonbili.nora,5504,614338560,98f09ca01d631a534493db60f2054a44c62385ced09eadedbbb8f851d6f28751
jp.nonbili.nora_5704_src.tar.gz,jp.nonbili.nora,5704,614359040,716a73ac623a217098230d3f97e93b80011fda4fc8fd6eed54a25084590f8328
jp.nonbili.noutube_4404_src.tar.gz,jp.nonbili.noutube,4404,694056960,c16ae4e8bc117746c31d3cb2700f0cba1b0c7560509ccf08fd29faefd1803e86
kzs.th000.tsdm_client_553_src.tar.gz,kzs.th000.tsdm_client,553,636405760,4af2115b5987725422a09a642906548485f61b5c3317084598f74060e4c1cf09
lying.fengfeng.foodrecords_23_src.tar.gz,lying.fengfeng.foodrecords,23,18708480,baf482769a6be52a7ad7ac63d9a08c84652a4e54a5a046256a2c5d9a61286f2e
me.ahmetcetinkaya.whph_78_src.tar.gz,me.ahmetcetinkaya.whph,78,431656960,82336357b944e10ed39aca80a34d5dd0221ee1abee561af51e0be25d30c189fc
me.hackerchick.catima_164_src.tar.gz,me.hackerchick.catima,164,15267840,56456c17747764cbbb57196f04364691f172e3aa44098d950a4ed84453fafd62
me.iacn.mbestyle_27_src.tar.gz,me.iacn.mbestyle,27,10526720,64aa31fbb9cd5829289d57c07491191db02eafcb648eaf25089778ec29ddf1f1
me.impa.knockonports_360010700_src.tar.gz,me.impa.knockonports,360010700,4802560,a1486baee2f8fc716200679830403fcef164e012ad2e85aebc19c2e48b27fe2a
me.knighthat.kreate_133_src.tar.gz,me.knighthat.kreate,133,52080640,a8832a94569b7186c92401cd8d8d048b1cda9f8d569c0c4e140c283fe7e9cf58
me.zhanghai.android.files_39_src.tar.gz,me.zhanghai.android.files,39,8448000,3b35020d0d6832dc977223721391fe037bddc463a4622b2743e5d2e7495addba
net.bible.android.activity_910_src.tar.gz,net.bible.android.activity,910,20305920,91e74a1cb357ed3dfeb7be92a247ae33971b854ed18b08cf24e9aa37c9a5a014
net.casimirlab.frigoligo_41_src.tar.gz,net.casimirlab.frigoligo,41,302725120,2cb90d9a4497291d738f2a0a2f1665e819ab544b9ba2b4ff960300cdbd0534bf
net.kollnig.missioncontrol.fdroid_2025121801_src.tar.gz,net.kollnig.missioncontrol.fdroid,2025121801,18769920,d4e610db8ecd89d0d9c2c1330671b410b30a1553548fdfe7bb167048901f50a4
net.nymtech.nymvpn_30000_src.tar.gz,net.nymtech.nymvpn,30000,63139840,3bf6e5d952e7ff6e7c99f82c65c7ba31c0d75d52092a2e234a0e4e202b6b835b
net.slions.fulguris.full.fdroid_260_src.tar.gz,net.slions.fulguris.full.fdroid,260,38942720,3099c84547bb974dc33496ea4a60d80e9239e34a27e5f0c3d28aaa1017adfd3e
net.taler.wallet.fdroid_774_src.tar.gz,net.taler.wallet.fdroid,774,4628480,550fc590cc37c3c734e4af728ffa7634d79ed71279f728ab1ba54d5432475c1b
net.thunderbird.android.beta_47_src.tar.gz,net.thunderbird.android.beta,47,80230400,b3e6f2399b50281d8db7f43b68c0a651cb2174da31da8e2754e259739c12616e
net.thunderbird.android_21_src.tar.gz,net.thunderbird.android,21,107294720,9df57b48a5bf034dbeb54116aa5a6416115ee624bf3271e884e6f1de30e63643
nodomain.freeyourgadget.gadgetbridge_246_src.tar.gz,nodomain.freeyourgadget.gadgetbridge,246,69570560,52d811aedc4e30ef8a1a16a766f51c526a0199ab16621f1e5653e093030a6e02
nz.eloque.foss_wallet_100_src.tar.gz,nz.eloque.foss_wallet,100,3543040,3fed94cc3c344748ddcbc17c72c1921812263949a9382b01c1988a1ebc1cfa2a
org.birthdayadapter_31104_src.tar.gz,org.birthdayadapter,31104,3358720,3f43ac298ae2a0d902d717896a55b6e2d7d99113c4ac2a5b355f58ed45626b9b
org.bitbucket.watashi564.combapp_4_src.tar.gz,org.bitbucket.watashi564.combapp,4,317440,986bf3a8e65e01d83991dcec2499e47dbb814b3df531e9286e9ffc3a4e169dea
org.breezyweather_60103_src.tar.gz,org.breezyweather,60103,32215040,b215d9d676076d013bdbc8657c1c04cc4f6006afda16b8497c0ce6b2069ed75d
org.equeim.tremotesf_4063_src.tar.gz,org.equeim.tremotesf,4063,26654720,6a60d7aa568d20983e8d53becb1ce13e2879990f8b99dda9be8c8766a016c158
org.eu.mumulhl.ciyue_863000_src.tar.gz,org.eu.mumulhl.ciyue,863000,330854400,c6274bf57940aa29e65ddb6eccc399f63afb42d1a57b0108298bbcccd8b61fb2
org.fdroid.fdroid_1023052_src.tar.gz,org.fdroid.fdroid,1023052,19374080,46e3be3fea24ccf709bb3558fcbed2d4c355ace3954eab49796df7e608cb747d
org.fossify.calendar_20_src.tar.gz,org.fossify.calendar,20,13752320,a1a07c0e5340fd09bb8efa17fe3596f4137a27d115edb41c154cadfd980e543d
org.fossify.clock_10_src.tar.gz,org.fossify.clock,10,4044800,3d5699de863d54f1ec9474459ef74aae6b2a312de60b68b5569ddd7b0883aceb
org.fossify.contacts_13_src.tar.gz,org.fossify.contacts,13,6369280,8b4f30dfdc1192d3b9d5f4f4b300a46b9b4e27249c8c078da8dafda6c59e88a8
org.fossify.gallery_28_src.tar.gz,org.fossify.gallery,28,34375680,7244dcf3b2761e5f32ea0a616dc7e1b44aa3c5370592e7e705e6fc19e781fe1b
org.fossify.home_16_src.tar.gz,org.fossify.home,16,4382720,df04a57ee4550e81c5d66aaa57ae168eb1cf5522c6219b76945ad2c42f0b9fcd
org.fossify.keyboard_14_src.tar.gz,org.fossify.keyboard,14,10670080,b9408e18a0b2e4376831883bd676c3e90076471a1d9408e8ae9799b0235ffad2
org.fossify.math_10_src.tar.gz,org.fossify.math,10,8919040,455827b655cab8326bffeaca560fda77d58dcbed4adc42bbbd3a8b4467e272b3
org.fossify.musicplayer_14_src.tar.gz,org.fossify.musicplayer,14,7403520,4b9f5486ad172c8b2d96a3e51dca44b4bcfcb0328e43438347244cd97ae3dedb
org.fossify.notes_13_src.tar.gz,org.fossify.notes,13,11212800,13c3279f7107dd35c3280d2e8cb7796551afc88a8b81efa5adb076f5f1ec252e
org.fossify.paint_7_src.tar.gz,org.fossify.paint,7,1873920,6cf28abb4afa5522ebe992ec70e6127d4cc527079e6573861e6f0b0b1db0a497
org.joinmastodon.android_165_src.tar.gz,org.joinmastodon.android,165,21043200,846fe08481b040f14ec6a482ed378e49a1a76e19dd4c43469b1faa5a2e934274
org.kde.kdeconnect_tp_13505_src.tar.gz,org.kde.kdeconnect_tp,13505,6717440,31b28cc438d9fb68264a1af03fe39972a7488f0a096311d555cb4bf01ba262fb
org.koreader.launcher.fdroid_116543_src.tar.gz,org.koreader.launcher.fdroid,116543,163645440,9820dcbedbde4b3513cd73d929bb8ea41b4e7f38e46d899360806b7afc16589e
org.ojrandom.paiesque_37_src.tar.gz,org.ojrandom.paiesque,37,5560320,4d74fbd10afdce4d01f027626c223d9c8e7a83a2b054dcc61ef9e9334bcfcc64
org.openobservatory.ooniprobe_274_src.tar.gz,org.openobservatory.ooniprobe,274,87992320,2dd77438a00e5f41673c38b5ba8251032f99451fc96818c363965edc7845e035
org.purplei2p.i2pd_2590000_src.tar.gz,org.purplei2p.i2pd,2590000,485201920,bbd72a4102a565980a6b0dc82bf07285349f6be537207797f694422565d5e58e
org.quantumbadger.redreader_116_src.tar.gz,org.quantumbadger.redreader,116,6604800,234f40346f9b818e59dc18fafe83c0ba85ca9b235914e0ddef4ebd4f0a5862e9
org.runnerup.free_23000370_src.tar.gz,org.runnerup.free,23000370,6748160,15d4652e0fe2d8256c7f41c5f7e3110ce464589b4169d2f9930fe1b9a93b38ad
org.schabi.newpipe_1009_src.tar.gz,org.schabi.newpipe,1009,28067840,e4e9dcff7c83bc633e0afd10bc5dd2e3135ece1318234d35bc3d885abeddcf03
org.schabi.nxbookmarks_24_src.tar.gz,org.schabi.nxbookmarks,24,6645760,b062d1a106a3cd6b599002333d91e2922e2c5921a57ce2c1b8796f58ea7281eb
org.sensors2.osc_28_src.tar.gz,org.sensors2.osc,28,2078720,86444d90d5a87bffdb11b3e69cd73df8d1050afb76307ef012f4c0e497e19c85
org.totschnig.myexpenses_835_src.tar.gz,org.totschnig.myexpenses,835,99993600,d1d5e48da0ef280fd4ec71afbd95dd2655db1e665400fd4510101f6d7c3568fd
org.woheller69.whisper_36_src.tar.gz,org.woheller69.whisper,36,2232320,76cd08b6ca3602646ddde9046a833e34cadb0366c95196a607bf84ce4138c503
org.xphnx.ameixa_4111_src.tar.gz,org.xphnx.ameixa,4111,90531840,4007230a5072f08e2b6b3a3b9396bb678a2db03616c7efd86b8f8f0c4062fa1b
org.y20k.trackbook_59_src.tar.gz,org.y20k.trackbook,59,16097280,4a7741828df936fe4ac73150439518bcdefa25c9e8f31f484d6f7ff69db062f7
org.y20k.transistor_113_src.tar.gz,org.y20k.transistor,113,5857280,6608ace6b6684dd1ef3969243c398e9e32a6972b5037474c3c89a8c336aa6436
pan.alexander.tordnscrypt.stable_26603_src.tar.gz,pan.alexander.tordnscrypt.stable,26603,419809280,d6555b0a4314ceccf706414fe53b5794ebdbed5d77d6883e07f5681ed01b60d0
pl.lebihan.authnkey_7_src.tar.gz,pl.lebihan.authnkey,7,2017280,1aaf4b997be3d7365930f40f8df180bfd518bc967cf851a9912513daaa6323db
player.efis.pfd_93_src.tar.gz,player.efis.pfd,93,70256640,6192b9b1223d1a01d2f66d60d923f29eebc82e520d7e546d7abc209412650692
player.phonograph.plus_1120_src.tar.gz,player.phonograph.plus,1120,8099840,be0a856426b76d832659c2ade63631e56c30d3c991625d1c442cdd8ce97870e7
protect.gift_card_guard_6_src.tar.gz,protect.gift_card_guard,6,3799040,ac924f2651d4f17c47ad7e117df6bbd59851ff7146dcf6a9d13212a53a50206e
rocks.poopjournal.flashy_33_src.tar.gz,rocks.poopjournal.flashy,33,17582080,fecae510b98f9568bcee5c297e31706e82f9571324e4a757abcfe0266d259797
rocks.poopjournal.fucksgiven_12_src.tar.gz,rocks.poopjournal.fucksgiven,12,4823040,bd9b4a4551483d762707917aaef5b98ee62d9b6c90cb2af51cba1c4660771149
site.leos.apps.lespas_114_src.tar.gz,site.leos.apps.lespas,114,43806720,57202e604fc0909aa92a90625832a256903d1f1ffa9958b640742807d9c6aa14
souch.smp_33_src.tar.gz,souch.smp,33,8284160,3cd0e404e754853d9dff15c8557dd36c2a90ce3b3df56c16b2db6a28593b7912
starcom.snd_5_src.tar.gz,starcom.snd,5,491520,9ba1c1c0a44556a1af376820e5a817adbc65a2fa133b6f0f3d5e2d96254e4cf6
top.yztz.msggo_26000309_src.tar.gz,top.yztz.msggo,26000309,9246720,6483d93c4611b22604b9e9b63f2575b16bff7116911075e71a866c00195a166c
uk.co.busydoingnothing.prevo_27_src.tar.gz,uk.co.busydoingnothing.prevo,27,130437120,49d4858a051860a09fbe3f6d07cf366d5403313d839c130abd5854fa175d6572
uk.org.boddie.android.weatherforecast_173_src.tar.gz,uk.org.boddie.android.weatherforecast,173,18575360,f61c5783c0d188532d31b1ef6b3606f55797f3fc85afb777573bfa4f3a6c2d63
uk.org.ngo.squeezer_154_src.tar.gz,uk.org.ngo.squeezer,154,10178560,7fef83ac3477586dacb787d9090b0eaf311f3f69ce3acd934af7247c083aeffb
ws.xsoh.etar_53_src.tar.gz,ws.xsoh.etar,53,12175360,ca4ca77a6df8dc573ddaa781362f88a7466530fdf5603193be0b911d30730624
